{"chunk_definitions":[{"row":30,"row_count":1,"visible":true,"expansion_state":0,"options":{"engine":"r","label":"setup","include":false},"document_id":"2C32440F","chunk_id":"csetup_chunk","chunk_label":"setup"},{"row":58,"row_count":1,"visible":true,"expansion_state":1,"options":{"engine":"r","echo":false,"out.width":"25%","label":"unnamed-chunk-12"},"document_id":"2C32440F","chunk_id":"c6mouubdrh82j","chunk_label":"unnamed-chunk-1"},{"row":122,"row_count":1,"visible":true,"expansion_state":0,"options":{"engine":"r","echo":false,"message":false,"label":"unnamed-chunk-1"},"document_id":"2C32440F","chunk_id":"ctdww7hfeezqb","chunk_label":"unnamed-chunk-2"}],"doc_write_time":1684263172}